1,google.com
2,youtube.com
3,facebook.com
4,netflix.com
5,microsoft.com
6,twitter.com
7,instagram.com
8,tmall.com
9,linkedin.com
10,apple.com
11,qq.com
12,baidu.com
13,wikipedia.org
14,googletagmanager.com
15,live.com
16,sohu.com
17,yahoo.com
18,amazon.com
19,youtu.be
20,pinterest.com
21,windowsupdate.com
22,taobao.com
23,netflix.net
24,adobe.com
25,360.cn
26,vimeo.com
27,office.com
28,jd.com
29,microsoftonline.com
30,wordpress.com
31,zoom.us
32,bing.com
33,amazonaws.com
34,reddit.com
35,goo.gl
36,doubleclick.net
37,github.com
38,weibo.com
39,bit.ly
40,googleusercontent.com
41,sina.com.cn
42,wordpress.org
43,blogspot.com
44,xinhuanet.com
45,msn.com
46,mozilla.org
47,whatsapp.com
48,tumblr.com
49,google-analytics.com
50,vk.com
51,nytimes.com
52,flickr.com
53,office365.com
54,europa.eu
55,skype.com
56,gravatar.com
57,nih.gov
58,dropbox.com
59,soundcloud.com
60,google.com.hk
61,spotify.com
62,akamaiedge.net
63,t.co
64,medium.com
65,myshopify.com
66,apache.org
67,alipay.com
68,zhanqi.tv
69,akadns.net
70,panda.tv
71,cnn.com
72,csdn.net
73,forbes.com
74,ebay.com
75,icloud.com
76,w3.org
77,paypal.com
78,theguardian.com
79,twitch.tv
80,cloudflare.com
81,yahoo.co.jp
82,archive.org
83,sourceforge.net
84,github.io
85,bbc.co.uk
86,imdb.com
87,naver.com
88,bbc.com
89,bongacams.com
90,lencr.org
91,who.int
92,creativecommons.org
93,forms.gle
94,windows.net
95,stackoverflow.com
96,office.net
97,okezone.com
98,yandex.ru
99,weebly.com
100,issuu.com
101,aliexpress.com
102,macromedia.com
103,etsy.com
104,aparat.com
105,wixsite.com
106,washingtonpost.com
107,canva.com
108,cdc.gov
109,tiktok.com
110,amazon.in
111,amazon.co.jp
112,outlook.com
113,aaplimg.com
114,force.com
115,reuters.com
116,huanqiu.com
117,tinyurl.com
118,t.me
119,googlesyndication.com
120,yy.com
121,chaturbate.com
122,tianya.cn
123,googleadservices.com
124,sciencedirect.com
125,ytimg.com
126,wikimedia.org
127,wsj.com
128,wix.com
129,bloomberg.com
130,mail.ru
131,indeed.com
132,businessinsider.com
133,youtube-nocookie.com
134,google.de
135,slideshare.net
136,digicert.com
137,1688.com
138,opera.com
139,imgur.com
140,php.net
141,oracle.com
142,fbcdn.net
143,harvard.edu
144,nflximg.com
145,wp.com
146,amazon.co.uk
147,so.com
148,17ok.com
149,google.co.in
150,godaddy.com
151,mit.edu
152,ok.ru
153,apple-dns.net
154,researchgate.net
155,list-manage.com
156,cnet.com
157,blogger.com
158,gnu.org
159,booking.com
160,wiley.com
161,ibm.com
162,identrust.com
163,163.com
164,alibaba.com
165,dailymail.co.uk
166,cnbc.com
167,stanford.edu
168,go.com
169,windows.com
170,sharepoint.com
171,google.com.br
172,nature.com
173,usatoday.com
174,wa.me
175,salesforce.com
176,un.org
177,walmart.com
178,tradingview.com
179,hp.com
180,google.co.jp
181,fandom.com
182,chase.com
183,surveymonkey.com
184,freepik.com
185,eventbrite.com
186,bitly.com
187,doi.org
188,espn.com
189,googlevideo.com
190,www.gov.uk
191,app-measurement.com
192,nginx.org
193,cloudfront.net
194,nflxso.net
195,telegraph.co.uk
196,google.co.uk
197,slack.com
198,coinmarketcap.com
199,pornhub.com
200,nasa.gov
201,instructure.com
202,yelp.com
203,springer.com
204,time.com
205,npr.org
206,gvt2.com
207,cpanel.net
208,samsung.com
209,google.cn
210,ted.com
211,mailchimp.com
212,tribunnews.com
213,pikiran-rakyat.com
214,behance.net
215,nginx.com
216,facebook.net
217,ca.gov
218,myspace.com
219,dailymotion.com
220,unsplash.com
221,amazon.de
222,haosou.com
223,themeforest.net
224,scorecardresearch.com
225,wired.com
226,cpanel.com
227,cnblogs.com
228,techcrunch.com
229,huffingtonpost.com
230,scribd.com
231,rakuten.co.jp
232,opendns.com
233,indiatimes.com
234,goodreads.com
235,addthis.com
236,line.me
237,grammarly.com
238,zendesk.com
239,livejasmin.com
240,babytree.com
241,msedge.net
242,amazon-adsystem.com
243,akamai.net
244,pixabay.com
245,telegram.org
246,google.fr
247,mysql.com
248,xvideos.com
249,foxnews.com
250,shopify.com
251,squarespace.com
252,ggpht.com
253,aol.com
254,google.es
255,independent.co.uk
256,zillow.com
257,gome.com.cn
258,berkeley.edu
259,xhamster.com
260,amzn.to
261,flipkart.com
262,udemy.com
263,tripadvisor.com
264,latimes.com
265,google.ru
266,healthline.com
267,sitemaps.org
268,googletagservices.com
269,shutterstock.com
270,google.it
271,wetransfer.com
272,kompas.com
273,hugedomains.com
274,fb.com
275,akamaized.net
276,arnebrachhold.de
277,free.fr
278,w3schools.com
279,stackexchange.com
280,livejournal.com
281,6.cn
282,youku.com
283,debian.org
284,addtoany.com
285,statcounter.com
286,intuit.com
287,theverge.com
288,adnxs.com
289,kickstarter.com
290,webmd.com
291,ettoday.net
292,taboola.com
293,bilibili.com
294,roblox.com
295,hao123.com
296,ft.com
297,loc.gov
298,demdex.net
299,wikihow.com
300,intel.com
301,theatlantic.com
302,cornell.edu
303,pki.goog
304,ikea.com
305,aliyun.com
306,quora.com
307,statista.com
308,beian.gov.cn
309,ietf.org
310,nationalgeographic.com
311,savefrom.net
312,ilovepdf.com
313,google.ca
314,fda.gov
315,cbsnews.com
316,mediafire.com
317,deviantart.com
318,issue.house
319,prnewswire.com
320,investopedia.com
321,washington.edu
322,twimg.com
323,daum.net
324,e2ro.com
325,zoho.com
326,giphy.com
327,rednet.cn
328,binance.com
329,adsrvr.org
330,marriott.com
331,cisco.com
332,g.page
333,mailchi.mp
334,nbcnews.com
335,weather.com
336,tandfonline.com
337,box.com
338,usnews.com
339,android.com
340,fiverr.com
341,jimdo.com
342,hubspot.com
343,speedtest.net
344,digg.com
345,amazon.ca
346,ntp.org
347,aboutads.info
348,marketwatch.com
349,dell.com
350,trello.com
351,primevideo.com
352,buzzfeed.com
353,gmail.com
354,huffpost.com
355,snapchat.com
356,akismet.com
357,americanexpress.com
358,rubiconproject.com
359,linktr.ee
360,detik.com
361,webex.com
362,about.com
363,zhihu.com
364,business.site
365,craigslist.org
366,oup.com
367,pubmatic.com
368,akamaihd.net
369,airbnb.com
370,google.com.sg
371,google.com.tw
372,cambridge.org
373,bestbuy.com
374,azure.com
375,wellsfargo.com
376,princeton.edu
377,sciencemag.org
378,ups.com
379,msftconnecttest.com
380,bandcamp.com
381,academia.edu
382,fedex.com
383,launchpad.net
384,deepl.com
385,typepad.com
386,sagepub.com
387,change.org
388,criteo.com
389,digikala.com
390,msftncsi.com
391,nr-data.net
392,uol.com.br
393,hbr.org
394,tistory.com
395,globo.com
396,pixnet.net
397,coursera.org
398,constantcontact.com
399,state.gov
400,duckduckgo.com
401,allaboutcookies.org
402,economist.com
403,evernote.com
404,disqus.com
405,noaa.gov
406,unesco.org
407,2mdn.net
408,networkadvertising.org
409,pbs.org
410,rlcdn.com
411,pinimg.com
412,usps.com
413,edgekey.net
414,patreon.com
415,usda.gov
416,casalemedia.com
417,discord.com
418,ampproject.org
419,mashable.com
420,nypost.com
421,swiat-kamienia.pl
422,whitehouse.gov
423,stumbleupon.com
424,britannica.com
425,fastly.net
426,mayoclinic.org
427,homedepot.com
428,irs.gov
429,hulu.com
430,openx.net
431,target.com
432,columbia.edu
433,businesswire.com
434,trustpilot.com
435,vice.com
436,epa.gov
437,outbrain.com
438,umich.edu
439,eepurl.com
440,51.la
441,padlet.com
442,gvt1.com
443,arcgis.com
444,getpocket.com
445,google.com.mx
446,fc2.com
447,people.com.cn
448,moatads.com
449,smallpdf.com
450,rt.com
451,typeform.com
452,pexels.com
453,cbc.ca
454,redhat.com
455,azureedge.net
456,dribbble.com
457,safebrowsing.apple
458,newrelic.com
459,feedburner.com
460,grid.id
461,vox.com
462,bidswitch.net
463,jquery.com
464,jiameng.com
465,abc.net.au
466,psu.edu
467,trafficmanager.net
468,youm7.com
469,webs.com
470,fb.me
471,gofundme.com
472,engadget.com
473,gosuslugi.ru
474,yale.edu
475,cnzz.com
476,example.com
477,sciencedaily.com
478,google.com.tr
479,ebay.de
480,zdnet.com
481,whatsapp.net
482,onlinesbi.com
483,cdninstagram.com
484,teamviewer.com
485,worldbank.org
486,xnxx.com
487,investing.com
488,iso.org
489,kumparan.com
490,mozilla.com
491,suara.com
492,upenn.edu
493,bet9ja.com
494,avito.ru
495,apnews.com
496,advertising.com
497,elsevier.com
498,varzesh3.com
499,steampowered.com
500,wpengine.com
501,meetup.com
502,plesk.com
503,newyorker.com
504,dw.com
505,fastcompany.com
506,sogou.com
507,tripod.com
508,wisc.edu
509,live.net
510,bluekai.com
511,capitalone.com
512,disneyplus.com
513,gotowebinar.com
514,everesttech.net
515,metropoles.com
516,inc.com
517,psychologytoday.com
518,hdfcbank.com
519,gizmodo.com
520,qualtrics.com
521,kakao.com
522,geocities.com
523,agkn.com
524,trendyol.com
525,yimg.com
526,telegram.me
527,merriam-webster.com
528,deloitte.com
529,canada.ca
530,theconversation.com
531,fortune.com
532,calendly.com
533,entrepreneur.com
534,huawei.com
535,guardian.co.uk
536,upwork.com
537,ieee.org
538,secureserver.net
539,ox.ac.uk
540,amazon.fr
541,adsafeprotected.com
542,bankofamerica.com
543,3lift.com
544,sun.com
545,stripe.com
546,plos.org
547,hotjar.com
548,nike.com
549,medicalnewstoday.com
550,redd.it
551,istockphoto.com
552,wayfair.com
553,umn.edu
554,mathtag.com
555,hootsuite.com
556,ameblo.jp
557,zerodha.com
558,vkontakte.ru
559,photobucket.com
560,chess.com
561,bbb.org
562,momoshop.com.tw
563,quantserve.com
564,bmj.com
565,jotform.com
566,ubuntu.com
567,elegantthemes.com
568,att.com
569,scientificamerican.com
570,oreilly.com
571,google.co.th
572,youronlinechoices.com
573,tapad.com
574,krxd.net
575,weforum.org
576,glassdoor.com
577,crashlytics.com
578,ndtv.com
579,soso.com
580,doubleverify.com
581,amazon.it
582,jhu.edu
583,newsweek.com
584,accuweather.com
585,google.pl
586,discord.gg
587,arxiv.org
588,ed.gov
589,biomedcentral.com
590,realtor.com
591,ltn.com.tw
592,nvidia.com
593,sfgate.com
594,pcmag.com
595,python.org
596,slate.com
597,fidelity.com
598,uci.edu
599,tencent.com
600,indiegogo.com
601,apa.org
602,oecd.org
603,chicagotribune.com
604,mckinsey.com
605,cmu.edu
606,ucla.edu
607,google.com.au
608,elpais.com
609,telewebion.com
610,appsflyer.com
611,worldometers.info
612,aboutcookies.org
613,ask.com
614,mlb.com
615,amazon.es
616,spiegel.de
617,hilton.com
618,fontawesome.com
619,cam.ac.uk
620,bootstrapcdn.com
621,openstreetmap.org
622,bluehost.com
623,bet365.com
624,utexas.edu
625,ebay.co.uk
626,lenovo.com
627,symantec.com
628,steamcommunity.com
629,wikia.com
630,envato.com
631,quizlet.com
632,ftc.gov
633,ny.gov
634,nps.gov
635,tudou.com
636,cbslocal.com
637,google.com.ar
638,xing.com
639,videocampaign.co
640,myworkday.com
641,wiktionary.org
642,atlassian.com
643,mzstatic.com
644,www.gov.cn
645,crwdcntrl.net
646,timeanddate.com
647,pewresearch.org
648,spotxchange.com
649,arstechnica.com
650,lazada.sg
651,asos.com
652,manoramaonline.com
653,sfx.ms
654,edgesuite.net
655,adform.net
656,uchicago.edu
657,chron.com
658,icicibank.com
659,appspot.com
660,redfin.com
661,mirror.co.uk
662,qz.com
663,bizjournals.com
664,cnnic.cn
665,verisign.com
666,visualstudio.com
667,google.com.sa
668,sahibinden.com
669,360.com
670,merdeka.com
671,adp.com
672,si.edu
673,uk.com
674,dotomi.com
675,howstuffworks.com
676,nist.gov
677,etoro.com
678,thesun.co.uk
679,licdn.com
680,jstor.org
681,house.gov
682,azurewebsites.net
683,politico.com
684,gitlab.com
685,about.me
686,fao.org
687,thelancet.com
688,fool.com
689,media.net
690,notion.so
691,hotstar.com
692,nikkei.com
693,pnas.org
694,remove.bg
695,patch.com
696,bitnami.com
697,docker.com
698,mercadolibre.com.mx
699,google.com.eg
700,smh.com.au
701,chinadaily.com.cn
702,mercadolibre.com.ar
703,zol.com.cn
704,blackboard.com
705,barnesandnoble.com
706,usc.edu
707,adobe.io
708,aliexpress.ru
709,feedly.com
710,livescience.com
711,turn.com
712,gartner.com
713,chouftv.ma
714,uiuc.edu
715,purdue.edu
716,tableau.com
717,virginmedia.com
718,variety.com
719,ign.com
720,altervista.org
721,1rx.io
722,nyu.edu
723,jamanetwork.com
724,lijit.com
725,khanacademy.org
726,nydailynews.com
727,rokna.net
728,orange.fr
729,omtrdc.net
730,census.gov
731,news.com.au
732,sonhoo.com
733,playstation.com
734,aljazeera.com
735,googleblog.com
736,rollingstone.com
737,smartadserver.com
738,vmware.com
739,hicloud.com
740,tiktokv.com
741,inquirer.net
742,criteo.net
743,allegro.pl
744,us.com
745,breitbart.com
746,verizon.com
747,sindonews.com
748,globenewswire.com
749,shein.com
750,bidr.io
751,media-amazon.com
752,albawabhnews.com
753,japanpost.jp
754,y2mate.com
755,avast.com
756,anchor.fm
757,iqiyi.com
758,jsdelivr.net
759,googleapis.com
760,acs.org
761,in.gr
762,over-blog.com
763,withgoogle.com
764,lifehacker.com
765,spankbang.com
766,discordapp.com
767,autodesk.com
768,proofpoint.com
769,senate.gov
770,venturebeat.com
771,wildberries.ru
772,xfinity.com
773,hbomax.com
774,hhs.gov
775,usgs.gov
776,pinterest.ca
777,liputan6.com
778,geeksforgeeks.org
779,sec.gov
780,ning.com
781,go-mpulse.net
782,shareasale.com
783,netscape.com
784,setn.com
785,google.co.id
786,ria.ru
787,shopee.tw
788,icloud-content.com
789,techradar.com
790,sakura.ne.jp
791,dhl.com
792,bls.gov
793,blogspot.co.uk
794,sberbank.ru
795,liadm.com
796,typekit.net
797,douban.com
798,appcenter.ms
799,uber.com
800,shaparak.ir
801,sharethrough.com
802,instructables.com
803,earthlink.net
804,farfetch.com
805,mdpi.com
806,reverso.net
807,msu.edu
808,docusign.com
809,sitescout.com
810,indiamart.com
811,yahoodns.net
812,sky.com
813,nfl.com
814,gov.ao
815,softonic.com
816,thehill.com
817,nejm.org
818,nhk.or.jp
819,ozon.ru
820,squareup.com
821,seekingalpha.com
822,teads.tv
823,www.nhs.uk
824,moneycontrol.com
825,mercari.com
826,tiktokcdn.com
827,duke.edu
828,thetimes.co.uk
829,ow.ly
830,ucsd.edu
831,thedailybeast.com
832,rambler.ru
833,asus.com
834,ufl.edu
835,parallels.com
836,imrworldwide.com
837,postgresql.org
838,genius.com
839,matterport.com
840,m.me
841,foursquare.com
842,sectigo.com
843,joomla.org
844,norton.com
845,ea.com
846,tremorhub.com
847,people.com
848,namu.wiki
849,frontiersin.org
850,enable-javascript.com
851,apple.news
852,gstatic.com
853,scmp.com
854,comodoca.com
855,thesaurus.com
856,chinaz.com
857,web.de
858,automattic.com
859,google.co.kr
860,express.co.uk
861,getbootstrap.com
862,umd.edu
863,moodle.org
864,prezi.com
865,mixcloud.com
866,northwestern.edu
867,hatena.ne.jp
868,adobedtm.com
869,thefreedictionary.com
870,digitaltrends.com
871,eff.org
872,moz.com
873,zemanta.com
874,alexa.com
875,dot.gov
876,jawapos.com
877,coupang.com
878,slashdot.org
879,optimizely.com
880,rakuten.com
881,privacyshield.gov
882,citi.com
883,hatenablog.com
884,lowes.com
885,marca.com
886,contextweb.com
887,coingecko.com
888,nsw.gov.au
889,rottentomatoes.com
890,unicef.org
891,truste.com
892,itu.int
893,thepiratebay.org
894,hindustantimes.com
895,today.com
896,braze.com
897,hostgator.com
898,branch.io
899,mystrikingly.com
900,costco.com
901,hollywoodreporter.com
902,history.com
903,expedia.com
904,imageshack.us
905,techtarget.com
906,cbssports.com
907,theglobeandmail.com
908,bukalapak.com
909,unc.edu
910,neobux.com
911,themeisle.com
912,docusign.net
913,urbandictionary.com
914,trustarc.com
915,siemens.com
916,filesusr.com
917,google.com.ua
918,donya-e-eqtesad.com
919,adsymptotic.com
920,drupal.org
921,google.nl
922,newscientist.com
923,dictionary.com
924,exelator.com
925,google.com.vn
926,myworkdayjobs.com
927,houzz.com
928,thawte.com
929,utoronto.ca
930,libsyn.com
931,boston.com
932,tokopedia.com
933,emxdgt.com
934,angelfire.com
935,lemonde.fr
936,goo.ne.jp
937,ssl-images-amazon.com
938,icann.org
939,apachefriends.org
940,linksynergy.com
941,mapquest.com
942,alicdn.com
943,nymag.com
944,onlyfans.com
945,wufoo.com
946,asu.edu
947,illinois.edu
948,woocommerce.com
949,mitre.org
950,gamespot.com
951,readthedocs.io
952,jianshu.com
953,indianexpress.com
954,gumroad.com
955,okta.com
956,etherscan.io
957,audible.com
958,globalsign.net
959,wunderground.com
960,is.gd
961,sap.com
962,naukri.com
963,justice.gov
964,td.com
965,gismeteo.ru
966,admin.ch
967,ssrn.com
968,proiezionidiborsa.it
969,shopee.com.my
970,kernel.org
971,flashtalking.com
972,metro.co.uk
973,ibicn.com
974,gallup.com
975,technologyreview.com
976,openssl.org
977,utorrent.com
978,garmin.com
979,zend.com
980,epicgames.com
981,custhelp.com
982,uspto.gov
983,biblegateway.com
984,vnexpress.net
985,icio.us
986,focus.cn
987,pwc.com
988,sentry.io
989,as.com
990,line.biz
991,java.com
992,w55c.net
993,elwatannews.com
994,t-online.de
995,xe.com
996,ucdavis.edu
997,iana.org
998,toutiao.com
999,bscscan.com
1000,arizona.edu