0,myworkday.com
1,zerodha.com
2,ietf.org
3,php.net
4,videocampaign.co
5,nist.gov
6,samsung.com
7,chess.com
8,github.io
9,jhu.edu
10,tumblr.com
11,optimizely.com
12,aparat.com
13,zoho.com
14,deviantart.com
15,enable-javascript.com
16,mozilla.com
17,azureedge.net
18,fda.gov
19,6.cn
20,youm7.com
21,coingecko.com
22,xnxx.com
23,kakao.com
24,stumbleupon.com
25,github.com
26,yahoo.co.jp
27,bestbuy.com
28,okezone.com
29,disqus.com
30,typekit.net
31,playstation.com
32,ed.gov
33,quantserve.com
34,theverge.com
35,ft.com
36,hatena.ne.jp
37,vox.com
38,drupal.org
39,blogger.com
40,adsrvr.org
41,ilovepdf.com
42,filesusr.com
43,lencr.org
44,oracle.com
45,shopify.com
46,loc.gov
47,canada.ca
48,npr.org
49,ftc.gov
